source_file,source_type,room,board_number,vulnerability_code,vulnerability,dealer_code,dealer,south_hand_raw,west_hand_raw,north_hand_raw,east_hand_raw,south_hand_norm,west_hand_norm,north_hand_norm,east_hand_norm,tricks_claimed,bidding_sequence,final_contract
85168.lin,BBO,open,13,b,both,3,N,SJ9HAQ9DQJT96CJ95,SA53HK84DAK54CKT8,SKT87HT76D873C743,SQ642HJ532D2CAQ62,SJ9HAQ9DQJT96CJ95,SA53HK84DAK54CKT8,SKT87HT76D873C743,SQ642HJ532D2CAQ62,8,PASS PASS 1D 1NT PASS 2C PASS 2D! PASS 2NT PASS 3NT PASS PASS PASS,3NT
85168.lin,BBO,closed,13,b,both,3,N,SJ9HAQ9DQJT96CJ95,SA53HK84DAK54CKT8,SKT87HT76D873C743,SQ642HJ532D2CAQ62,SJ9HAQ9DQJT96CJ95,SA53HK84DAK54CKT8,SKT87HT76D873C743,SQ642HJ532D2CAQ62,,PASS PASS 1D 1NT PASS 2C! PASS 2D PASS 3NT PASS PASS PASS,3NT
85168.lin,BBO,open,14,o,none,4,E,SAT542HAJ6DA983C4,SHQ98743DK2CJ9863,SQJ983HKT2DT75CQT,SK76H5DQJ64CAK752,SAT542HAJ6DA983C4,SHQ98743DK2CJ9863,SQJ983HKT2DT75CQT,SK76H5DQJ64CAK752,11,1C 1S X 2NT PASS 4S 5C PASS PASS X PASS PASS PASS,5C
85168.lin,BBO,closed,14,o,none,4,E,SAT542HAJ6DA983C4,SHQ98743DK2CJ9863,SQJ983HKT2DT75CQT,SK76H5DQJ64CAK752,SAT542HAJ6DA983C4,SHQ98743DK2CJ9863,SQJ983HKT2DT75CQT,SK76H5DQJ64CAK752,11,1C 1S X 2C! PASS 4S 5C PASS PASS X PASS PASS PASS,5C
85168.lin,BBO,open,15,n,ns,1,S,S652HJ65DT62CAJ94,SQJ9HQT7DKQ54CT72,SAT873HK42D93CQ85,SK4HA983DAJ87CK63,S652HJ65DT62CAJ94,SQJ9HQT7DKQ54CT72,SAT873HK42D93CQ85,SK4HA983DAJ87CK63,8,PASS PASS PASS 1NT PASS 3NT PASS PASS PASS,3NT
85168.lin,BBO,closed,15,n,ns,1,S,S652HJ65DT62CAJ94,SQJ9HQT7DKQ54CT72,SAT873HK42D93CQ85,SK4HA983DAJ87CK63,S652HJ65DT62CAJ94,SQJ9HQT7DKQ54CT72,SAT873HK42D93CQ85,SK4HA983DAJ87CK63,,PASS PASS PASS 1NT PASS 3NT PASS PASS PASS,3NT
85168.lin,BBO,open,16,e,ew,2,W,SJ52HAT843DQ4CQT9,ST3HKQJ9DAT86CK82,SKQ864H65D72CJ754,SA97H72DKJ953CA63,SJ52HAT843DQ4CQT9,ST3HKQJ9DAT86CK82,SKQ864H65D72CJ754,SA97H72DKJ953CA63,,1D 1S 2S! 3S PASS PASS 3NT PASS PASS PASS,3NT
85168.lin,BBO,closed,16,e,ew,2,W,SJ52HAT843DQ4CQT9,ST3HKQJ9DAT86CK82,SKQ864H65D72CJ754,SA97H72DKJ953CA63,SJ52HAT843DQ4CQT9,ST3HKQJ9DAT86CK82,SKQ864H65D72CJ754,SA97H72DKJ953CA63,9,1D 2D! X 3H! X 3S 3NT PASS PASS PASS,3NT
85168.lin,BBO,open,17,o,none,3,N,SQ6HK964DKQJ2CJ52,SAKT5HQJDT6CAQT93,SJ9832HT852D974C8,S74HA73DA853CK764,SQ6HK964DKQJ2CJ52,SAKT5HQJDT6CAQT93,SJ9832HT852D974C8,S74HA73DA853CK764,10,PASS PASS 1D 2C PASS 2D! PASS 2S PASS 3NT PASS PASS PASS,3NT
85168.lin,BBO,closed,17,o,none,3,N,SQ6HK964DKQJ2CJ52,SAKT5HQJDT6CAQT93,SJ9832HT852D974C8,S74HA73DA853CK764,SQ6HK964DKQJ2CJ52,SAKT5HQJDT6CAQT93,SJ9832HT852D974C8,S74HA73DA853CK764,9,PASS 1C 1D 1H! PASS 1NT PASS 3NT PASS PASS PASS,3NT
85168.lin,BBO,open,18,n,ns,4,E,SKJ72HAK96D8CT543,SQ53HJT8DT974CK82,SAT98H7532DAKQ2CA,S64HQ4DJ653CQJ976,SKJ72HAK96D8CT543,SQ53HJT8DT974CK82,SAT98H7532DAKQ2CA,S64HQ4DJ653CQJ976,12,PASS 1C PASS 1H PASS 2H PASS 2N! PASS 4H PASS 4NT PASS 5H PASS 6H PASS PASS PASS,6H
85168.lin,BBO,closed,18,n,ns,4,E,SKJ72HAK96D8CT543,SQ53HJT8DT974CK82,SAT98H7532DAKQ2CA,S64HQ4DJ653CQJ976,SKJ72HAK96D8CT543,SQ53HJT8DT974CK82,SAT98H7532DAKQ2CA,S64HQ4DJ653CQJ976,12,PASS 1C PASS 1D! PASS 2H PASS 4H PASS PASS PASS,4H
85168.lin,BBO,open,19,e,ew,1,S,SJ84H87643DQJ5CJ2,SAKQ7632HTDA2CQ73,S5HK952DT9864CA54,ST9HAQJDK73CKT986,SJ84H87643DQJ5CJ2,SAKQ7632HTDA2CQ73,S5HK952DT9864CA54,ST9HAQJDK73CKT986,12,PASS 1S PASS 2C! PASS 2D! PASS 2NT PASS 3C PASS 3NT PASS 4C PASS 4D PASS 4NT PASS 5H PASS 6S PASS PASS PASS,6S
85168.lin,BBO,closed,19,e,ew,1,S,SJ84H87643DQJ5CJ2,SAKQ7632HTDA2CQ73,S5HK952DT9864CA54,ST9HAQJDK73CKT986,SJ84H87643DQJ5CJ2,SAKQ7632HTDA2CQ73,S5HK952DT9864CA54,ST9HAQJDK73CKT986,11,PASS 1S PASS 2C PASS 3S PASS 4S PASS 6S PASS PASS PASS,6S
85168.lin,BBO,open,20,b,both,2,W,SQ8HAKJ82DK64CA98,SAT63H65DA985C754,SJ542HT93D2CKJT62,SK97HQ74DQJT73CQ3,SQ8HAKJ82DK64CA98,SAT63H65DA985C754,SJ542HT93D2CKJT62,SK97HQ74DQJT73CQ3,10,PASS PASS PASS 1NT PASS PASS PASS,1NT
85168.lin,BBO,closed,20,b,both,2,W,SQ8HAKJ82DK64CA98,SAT63H65DA985C754,SJ542HT93D2CKJT62,SK97HQ74DQJT73CQ3,SQ8HAKJ82DK64CA98,SAT63H65DA985C754,SJ542HT93D2CKJT62,SK97HQ74DQJT73CQ3,11,PASS PASS PASS 1NT PASS PASS PASS,1NT
85168.lin,BBO,open,21,n,ns,3,N,SQ54HQ3D5CAKQJ984,ST876HAT9DJT872C7,SKJHK8752DA96C532,SA932HJ64DKQ43CT6,SQ54HQ3D5CAKQJ984,ST876HAT9DJT872C7,SKJHK8752DA96C532,SA932HJ64DKQ43CT6,8,PASS PASS 1C PASS 1H PASS 3C PASS 3D PASS 3NT PASS PASS PASS,3NT
85168.lin,BBO,closed,21,n,ns,3,N,SQ54HQ3D5CAKQJ984,ST876HAT9DJT872C7,SKJHK8752DA96C532,SA932HJ64DKQ43CT6,SQ54HQ3D5CAKQJ984,ST876HAT9DJT872C7,SKJHK8752DA96C532,SA932HJ64DKQ43CT6,10,1H PASS 2C! PASS 2H! PASS 2S! PASS 2NT PASS 3NT PASS PASS PASS,3NT
85168.lin,BBO,open,22,e,ew,4,E,SQ8HAJ2DK9864CQ97,SAKJ97H8DT5CKJ854,ST543HQ764DAJ2CAT,S62HKT953DQ73C632,SQ8HAJ2DK9864CQ97,SAKJ97H8DT5CKJ854,ST543HQ764DAJ2CAT,S62HKT953DQ73C632,9,PASS 1D 1S X PASS 1NT 2C 2D PASS PASS PASS,2D
85168.lin,BBO,closed,22,e,ew,4,E,SQ8HAJ2DK9864CQ97,SAKJ97H8DT5CKJ854,ST543HQ764DAJ2CAT,S62HKT953DQ73C632,SQ8HAJ2DK9864CQ97,SAKJ97H8DT5CKJ854,ST543HQ764DAJ2CAT,S62HKT953DQ73C632,8,PASS 1D 1S X PASS 1NT PASS 2NT PASS PASS PASS,2NT
85168.lin,BBO,open,23,b,both,1,S,SJ85H9763D53CJ982,SK6HTDKJ872CKQT43,ST73HKQJ52DAQT4CA,SAQ942HA84D96C765,SJ85H9763D53CJ982,SK6HTDKJ872CKQT43,ST73HKQJ52DAQT4CA,SAQ942HA84D96C765,9,PASS 1D 1H 1S PASS 2C X 2D 2H PASS PASS PASS,2H
85168.lin,BBO,closed,23,b,both,1,S,SJ85H9763D53CJ982,SK6HTDKJ872CKQT43,ST73HKQJ52DAQT4CA,SAQ942HA84D96C765,SJ85H9763D53CJ982,SK6HTDKJ872CKQT43,ST73HKQJ52DAQT4CA,SAQ942HA84D96C765,9,PASS 1D 1H X PASS 2C X 2D 2H PASS PASS PASS,2H
85168.lin,BBO,open,24,o,none,2,W,SQT9HKQTDA7CKQ752,SAJ872HJ985D5CT63,SK63H4DKJT832CJ94,S54HA7632DQ964CA8,SQT9HKQTDA7CKQ752,SAJ872HJ985D5CT63,SK63H4DKJT832CJ94,S54HA7632DQ964CA8,10,PASS PASS PASS 1NT PASS 3NT PASS PASS PASS,3NT
85168.lin,BBO,closed,24,o,none,2,W,SQT9HKQTDA7CKQ752,SAJ872HJ985D5CT63,SK63H4DKJT832CJ94,S54HA7632DQ964CA8,SQT9HKQTDA7CKQ752,SAJ872HJ985D5CT63,SK63H4DKJT832CJ94,S54HA7632DQ964CA8,10,PASS 3D PASS 3NT PASS PASS PASS,3NT
85169.lin,BBO,open,17,o,none,3,N,SKJ94HJT6DT862C75,SAT83HK3DKQCAKQT4,S2HQ8542DJ753C632,SQ765HA97DA94CJ98,SKJ94HJT6DT862C75,SAT83HK3DKQCAKQT4,S2HQ8542DJ753C632,SQ765HA97DA94CJ98,11,PASS 1C PASS 1S PASS 2S PASS 2NT PASS 3H PASS 4NT PASS 5S PASS 6S PASS PASS PASS,6S
85169.lin,BBO,open,18,n,ns,4,E,SK43HK62DK82CAJ75,SAT9862HJ43DJ6CQ6,SQ75HA875D54CK984,SJHQT9DAQT973CT32,SK43HK62DK82CAJ75,SAT9862HJ43DJ6CQ6,SQ75HA875D54CK984,SJHQT9DAQT973CT32,7,3D PASS PASS PASS,3D
85169.lin,BBO,open,19,e,ew,1,S,S7H7DAJ943CK96542,SK63H96543D75CAQ7,SQJ8542HQT2DQ6C83,SAT9HAKJ8DKT82CJT,S7H7DAJ943CK96542,SK63H96543D75CAQ7,SQJ8542HQT2DQ6C83,SAT9HAKJ8DKT82CJT,9,PASS PASS 2S 2NT PASS 3NT PASS PASS PASS,3NT
85169.lin,BBO,open,20,b,both,2,W,SA53HAKTDQT9CAT86,S7H62DAK8742CQ754,SKQJ9642H973DJC92,ST8HQJ854D653CKJ3,SA53HAKTDQT9CAT86,S7H62DAK8742CQ754,SKQJ9642H973DJC92,ST8HQJ854D653CKJ3,11,3D PASS PASS 3NT PASS 4S PASS PASS PASS,4S
85169.lin,BBO,open,21,n,ns,3,N,SKHKT86DJ953CAQJ6,ST43H754D862CT984,SAQJ9872HQJDK4CK5,S65HA932DAQT7C732,SKHKT86DJ953CAQJ6,ST43H754D862CT984,SAQJ9872HQJDK4CK5,S65HA932DAQT7C732,12,4S PASS PASS PASS,4S
85169.lin,BBO,closed,21,n,ns,3,N,SKHKT86DJ953CAQJ6,ST43H754D862CT984,SAQJ9872HQJDK4CK5,S65HA932DAQT7C732,SKHKT86DJ953CAQJ6,ST43H754D862CT984,SAQJ9872HQJDK4CK5,S65HA932DAQT7C732,11,1S PASS 2C PASS 2D PASS 2H PASS 3S PASS 4C PASS 4D PASS 4NT PASS 5C PASS 5S PASS PASS PASS,5S
85169.lin,BBO,open,22,e,ew,4,E,SQ5HJ9643DKT982CJ,SK7643H8D75CT8743,SJT98HK72DA63CA65,SA2HAQT5DQJ4CKQ92,SQ5HJ9643DKT982CJ,SK7643H8D75CT8743,SJT98HK72DA63CA65,SA2HAQT5DQJ4CKQ92,6,1C 1H PASS 2D PASS 2H PASS 3H PASS PASS PASS,3H
85169.lin,BBO,closed,22,e,ew,4,E,SQ5HJ9643DKT982CJ,SK7643H8D75CT8743,SJT98HK72DA63CA65,SA2HAQT5DQJ4CKQ92,SQ5HJ9643DKT982CJ,SK7643H8D75CT8743,SJT98HK72DA63CA65,SA2HAQT5DQJ4CKQ92,8,1C PASS 1H PASS 1N! PASS 2S PASS PASS PASS,2S
85169.lin,BBO,open,23,b,both,1,S,SA6H96532D543C876,S985H4DKT82CAKQ54,SK3HAKJT8DAQ9CT32,SQJT742HQ7DJ76CJ9,SA6H96532D543C876,S985H4DKT82CAKQ54,SK3HAKJT8DAQ9CT32,SQJT742HQ7DJ76CJ9,9,PASS 1C 1H X 3H 3S 4H 4S PASS PASS PASS,4S
85169.lin,BBO,closed,23,b,both,1,S,SA6H96532D543C876,S985H4DKT82CAKQ54,SK3HAKJT8DAQ9CT32,SQJT742HQ7DJ76CJ9,SA6H96532D543C876,S985H4DKT82CAKQ54,SK3HAKJT8DAQ9CT32,SQJT742HQ7DJ76CJ9,8,PASS 1C X 2H PASS 2S 2NT PASS PASS 3S PASS PASS PASS,3S
85169.lin,BBO,open,24,o,none,2,W,SQ5HA53DAQ8CQ9753,SA7432HJ92D964CAT,SKT98HKQTDK5CKJ42,SJ6H8764DJT732C86,SQ5HA53DAQ8CQ9753,SA7432HJ92D964CAT,SKT98HKQTDK5CKJ42,SJ6H8764DJT732C86,11,PASS 1NT PASS 3NT PASS PASS PASS,3NT
85169.lin,BBO,closed,24,o,none,2,W,SQ5HA53DAQ8CQ9753,SA7432HJ92D964CAT,SKT98HKQTDK5CKJ42,SJ6H8764DJT732C86,SQ5HA53DAQ8CQ9753,SA7432HJ92D964CAT,SKT98HKQTDK5CKJ42,SJ6H8764DJT732C86,11,PASS 1NT PASS 3NT PASS PASS PASS,3NT
85169.lin,BBO,closed,25,e,ew,3,N,SK62HA85432DKCT96,SJT73HTD8732CQ854,SAQ9HJ6DAT964CKJ7,S854HKQ97DQJ5CA32,SK62HA85432DKCT96,SJT73HTD8732CQ854,SAQ9HJ6DAT964CKJ7,S854HKQ97DQJ5CA32,9,1NT PASS 3D! PASS 3H! PASS 3S PASS 3NT PASS 4H PASS PASS PASS,4H
85169.lin,BBO,closed,26,b,both,4,E,SK742HJ76DK632CJ6,S9653HK843DAQ5CT5,SQ8HAQ9D8CAKQ9732,SAJTHT52DJT974C84,SK742HJ76DK632CJ6,S9653HK843DAQ5CT5,SQ8HAQ9D8CAKQ9732,SAJTHT52DJT974C84,10,PASS PASS PASS 1C PASS 1H PASS 2D PASS 2H! PASS 3S PASS 3NT PASS PASS PASS,3NT
85169.lin,BBO,closed,27,o,none,1,S,SA7HKDAKQJ8654C92,SQJ9862H65DT7CT74,SKHT9432D3CAKJ853,ST543HAQJ87D92CQ6,SA7HKDAKQJ8654C92,SQJ9862H65DT7CT74,SKHT9432D3CAKJ853,ST543HAQJ87D92CQ6,12,1D 2S X 3S 6D PASS PASS X PASS PASS PASS,6D
85169.lin,BBO,closed,28,n,ns,2,W,SAQJTH64DJ98654C9,SK86HQJ97D3CJT852,S42HAKT85DAT2CK64,S9753H32DKQ7CAQ73,SAQJTH64DJ98654C9,SK86HQJ97D3CJT852,S42HAKT85DAT2CK64,S9753H32DKQ7CAQ73,7,PASS 1NT PASS 2C PASS 2H PASS 3NT PASS PASS PASS,3NT
85169.lin,BBO,closed,29,b,both,3,N,SJT9876HAJT7DJC97,SQ3H984D9852CA864,S42H652D643CKT532,SAK5HKQ3DAKQT7CQJ,SJT9876HAJT7DJC97,SQ3H984D9852CA864,S42H652D643CKT532,SAK5HKQ3DAKQT7CQJ,11,PASS 2C 2S PASS PASS 2NT PASS 3NT PASS PASS PASS,3NT
85169.lin,BBO,closed,30,o,none,4,E,S76HKQ2DQ2C986532,SKJT8H9864DA3CAT7,SQ952HAJT7DK84CKJ,SA43H53DJT9765CQ4,S76HKQ2DQ2C986532,SKJT8H9864DA3CAT7,SQ952HAJT7DK84CKJ,SA43H53DJT9765CQ4,8,PASS PASS 1NT 2C 3D PASS PASS PASS,3D
85170.lin,BBO,closed,17,o,none,3,N,SKJ94HJT6DT862C75,SAT83HK3DKQCAKQT4,S2HQ8542DJ753C632,SQ765HA97DA94CJ98,SKJ94HJT6DT862C75,SAT83HK3DKQCAKQT4,S2HQ8542DJ753C632,SQ765HA97DA94CJ98,11,PASS 1C PASS 1H PASS 2S PASS 4NT PASS PASS PASS,4NT
85170.lin,BBO,closed,18,n,ns,4,E,SK43HK62DK82CAJ75,SAT9862HJ43DJ6CQ6,SQ75HA875D54CK984,SJHQT9DAQT973CT32,SK43HK62DK82CAJ75,SAT9862HJ43DJ6CQ6,SQ75HA875D54CK984,SJHQT9DAQT973CT32,3,3D PASS 3S PASS 3NT PASS PASS PASS,3NT
85170.lin,BBO,closed,19,e,ew,1,S,S7H7DAJ943CK96542,SK63H96543D75CAQ7,SQJ8542HQT2DQ6C83,SAT9HAKJ8DKT82CJT,S7H7DAJ943CK96542,SK63H96543D75CAQ7,SQJ8542HQT2DQ6C83,SAT9HAKJ8DKT82CJT,10,PASS PASS 3S X PASS 4H PASS PASS PASS,4H
85170.lin,BBO,closed,20,b,both,2,W,SA53HAKTDQT9CAT86,S7H62DAK8742CQ754,SKQJ9642H973DJC92,ST8HQJ854D653CKJ3,SA53HAKTDQT9CAT86,S7H62DAK8742CQ754,SKQJ9642H973DJC92,ST8HQJ854D653CKJ3,12,3D PASS PASS 3NT PASS 4H PASS 4S PASS PASS PASS,4S
85170.lin,BBO,closed,21,n,ns,3,N,SKHKT86DJ953CAQJ6,ST43H754D862CT984,SAQJ9872HQJDK4CK5,S65HA932DAQT7C732,SKHKT86DJ953CAQJ6,ST43H754D862CT984,SAQJ9872HQJDK4CK5,S65HA932DAQT7C732,11,1S PASS 2C PASS 2D PASS 2H PASS 3S PASS 4C PASS 4D PASS 4NT PASS 5C PASS 5S PASS PASS PASS,5S
85170.lin,BBO,closed,22,e,ew,4,E,SQ5HJ9643DKT982CJ,SK7643H8D75CT8743,SJT98HK72DA63CA65,SA2HAQT5DQJ4CKQ92,SQ5HJ9643DKT982CJ,SK7643H8D75CT8743,SJT98HK72DA63CA65,SA2HAQT5DQJ4CKQ92,8,1C PASS 1H PASS 1NT PASS 2S PASS PASS PASS,2S
85170.lin,BBO,closed,23,b,both,1,S,SA6H96532D543C876,S985H4DKT82CAKQ54,SK3HAKJT8DAQ9CT32,SQJT742HQ7DJ76CJ9,SA6H96532D543C876,S985H4DKT82CAKQ54,SK3HAKJT8DAQ9CT32,SQJT742HQ7DJ76CJ9,8,PASS 1C X 2H PASS 2S 2NT PASS PASS 3S PASS PASS PASS,3S
85170.lin,BBO,closed,24,o,none,2,W,SQ5HA53DAQ8CQ9753,SA7432HJ92D964CAT,SKT98HKQTDK5CKJ42,SJ6H8764DJT732C86,SQ5HA53DAQ8CQ9753,SA7432HJ92D964CAT,SKT98HKQTDK5CKJ42,SJ6H8764DJT732C86,11,PASS 1NT PASS 3NT PASS PASS PASS,3NT
85170.lin,BBO,open,25,e,ew,3,N,SK62HA85432DKCT96,SJT73HTD8732CQ854,SAQ9HJ6DAT964CKJ7,S854HKQ97DQJ5CA32,SK62HA85432DKCT96,SJT73HTD8732CQ854,SAQ9HJ6DAT964CKJ7,S854HKQ97DQJ5CA32,9,4H PASS PASS PASS,4H
85170.lin,BBO,closed,25,e,ew,3,N,SK62HA85432DKCT96,SJT73HTD8732CQ854,SAQ9HJ6DAT964CKJ7,S854HKQ97DQJ5CA32,SK62HA85432DKCT96,SJT73HTD8732CQ854,SAQ9HJ6DAT964CKJ7,S854HKQ97DQJ5CA32,9,1NT PASS 3D PASS 3H PASS 3S PASS 3NT PASS 4H PASS PASS PASS,4H
85170.lin,BBO,open,26,b,both,4,E,SK742HJ76DK632CJ6,S9653HK843DAQ5CT5,SQ8HAQ9D8CAKQ9732,SAJTHT52DJT974C84,SK742HJ76DK632CJ6,S9653HK843DAQ5CT5,SQ8HAQ9D8CAKQ9732,SAJTHT52DJT974C84,9,PASS PASS PASS 1C PASS 1H PASS 2D PASS 2H PASS 3D PASS 3NT PASS PASS PASS,3NT
85170.lin,BBO,closed,26,b,both,4,E,SK742HJ76DK632CJ6,S9653HK843DAQ5CT5,SQ8HAQ9D8CAKQ9732,SAJTHT52DJT974C84,SK742HJ76DK632CJ6,S9653HK843DAQ5CT5,SQ8HAQ9D8CAKQ9732,SAJTHT52DJT974C84,10,PASS PASS PASS 1C PASS 1H PASS 2D PASS 2H PASS 3S PASS 3NT PASS PASS PASS,3NT
85170.lin,BBO,open,27,o,none,1,S,SA7HKDAKQJ8654C92,SQJ9862H65DT7CT74,SKHT9432D3CAKJ853,ST543HAQJ87D92CQ6,SA7HKDAKQJ8654C92,SQJ9862H65DT7CT74,SKHT9432D3CAKJ853,ST543HAQJ87D92CQ6,12,1D PASS 1H PASS 1NT PASS 2C PASS 3D PASS 3S PASS 4D PASS 5C PASS 6D PASS PASS PASS,6D
85170.lin,BBO,closed,27,o,none,1,S,SA7HKDAKQJ8654C92,SQJ9862H65DT7CT74,SKHT9432D3CAKJ853,ST543HAQJ87D92CQ6,SA7HKDAKQJ8654C92,SQJ9862H65DT7CT74,SKHT9432D3CAKJ853,ST543HAQJ87D92CQ6,12,1D 2S X 3S 6D PASS PASS X PASS PASS PASS,6D
85170.lin,BBO,open,28,n,ns,2,W,SAQJTH64DJ98654C9,SK86HQJ97D3CJT852,S42HAKT85DAT2CK64,S9753H32DKQ7CAQ73,SAQJTH64DJ98654C9,SK86HQJ97D3CJT852,S42HAKT85DAT2CK64,S9753H32DKQ7CAQ73,9,PASS 1NT PASS 2C PASS 2H PASS 3C PASS 3D PASS PASS PASS,3D
85170.lin,BBO,closed,28,n,ns,2,W,SAQJTH64DJ98654C9,SK86HQJ97D3CJT852,S42HAKT85DAT2CK64,S9753H32DKQ7CAQ73,SAQJTH64DJ98654C9,SK86HQJ97D3CJT852,S42HAKT85DAT2CK64,S9753H32DKQ7CAQ73,7,PASS 1NT PASS 2C PASS 2H PASS 3NT PASS PASS PASS,3NT
85170.lin,BBO,open,29,b,both,3,N,SJT9876HAJT7DJC97,SQ3H984D9852CA864,S42H652D643CKT532,SAK5HKQ3DAKQT7CQJ,SJT9876HAJT7DJC97,SQ3H984D9852CA864,S42H652D643CKT532,SAK5HKQ3DAKQT7CQJ,11,PASS 2C 2S PASS PASS 2NT PASS 3S PASS 3NT PASS PASS PASS,3NT
85170.lin,BBO,closed,29,b,both,3,N,SJT9876HAJT7DJC97,SQ3H984D9852CA864,S42H652D643CKT532,SAK5HKQ3DAKQT7CQJ,SJT9876HAJT7DJC97,SQ3H984D9852CA864,S42H652D643CKT532,SAK5HKQ3DAKQT7CQJ,11,PASS 2C 2S PASS PASS 2NT PASS 3NT PASS PASS PASS,3NT
85170.lin,BBO,open,30,o,none,4,E,S76HKQ2DQ2C986532,SKJT8H9864DA3CAT7,SQ952HAJT7DK84CKJ,SA43H53DJT9765CQ4,S76HKQ2DQ2C986532,SKJT8H9864DA3CAT7,SQ952HAJT7DK84CKJ,SA43H53DJT9765CQ4,8,PASS PASS 1C X 1D PASS PASS PASS,1D
85170.lin,BBO,closed,30,o,none,4,E,S76HKQ2DQ2C986532,SKJT8H9864DA3CAT7,SQ952HAJT7DK84CKJ,SA43H53DJT9765CQ4,S76HKQ2DQ2C986532,SKJT8H9864DA3CAT7,SQ952HAJT7DK84CKJ,SA43H53DJT9765CQ4,8,PASS PASS 1NT 2C 3D PASS PASS PASS,3D
85170.lin,BBO,open,31,n,ns,1,S,ST7653H96D2CJ9753,S9HA8732DAJT763CQ,SAJ2HKJ4DKQ984CA4,SKQ84HQT5D5CKT862,ST7653H96D2CJ9753,S9HA8732DAJT763CQ,SAJ2HKJ4DKQ984CA4,SKQ84HQT5D5CKT862,8,PASS 1H X 2D PASS 4H X PASS 4S 5D X 5H X PASS PASS PASS,5H
85170.lin,BBO,closed,31,n,ns,1,S,ST7653H96D2CJ9753,S9HA8732DAJT763CQ,SAJ2HKJ4DKQ984CA4,SKQ84HQT5D5CKT862,ST7653H96D2CJ9753,S9HA8732DAJT763CQ,SAJ2HKJ4DKQ984CA4,SKQ84HQT5D5CKT862,8,PASS 1H X 3C PASS 3H X PASS 3S PASS PASS PASS,3S
85170.lin,BBO,open,32,e,ew,2,W,SKJ843HAKD9CAQ952,STHQT62DKQ653CT83,SQ96HJ84DAJT7CJ74,SA752H9753D842CK6,SKJ843HAKD9CAQ952,STHQT62DKQ653CT83,SQ96HJ84DAJT7CJ74,SA752H9753D842CK6,12,PASS PASS PASS 1S PASS 2C PASS 4S PASS PASS PASS,4S
85170.lin,BBO,closed,32,e,ew,2,W,SKJ843HAKD9CAQ952,STHQT62DKQ653CT83,SQ96HJ84DAJT7CJ74,SA752H9753D842CK6,SKJ843HAKD9CAQ952,STHQT62DKQ653CT83,SQ96HJ84DAJT7CJ74,SA752H9753D842CK6,12,PASS PASS PASS 1S PASS 2S PASS 4S PASS PASS PASS,4S
85171.lin,BBO,open,1,o,none,3,N,SQT5H7DJ76432CA52,SKHKJ9865DKTCKQ63,SAJ863HQT3DAQ8CJT,S9742HA42D95C9874,SQT5H7DJ76432CA52,SKHKJ9865DKTCKQ63,SAJ863HQT3DAQ8CJT,S9742HA42D95C9874,8,1NT PASS 2N! 3H PASS PASS PASS,3H
85171.lin,BBO,closed,1,o,none,3,N,SQT5H7DJ76432CA52,SKHKJ9865DKTCKQ63,SAJ863HQT3DAQ8CJT,S9742HA42D95C9874,SQT5H7DJ76432CA52,SKHKJ9865DKTCKQ63,SAJ863HQT3DAQ8CJT,S9742HA42D95C9874,8,1NT PASS 2N! 3H PASS PASS PASS,3H
85171.lin,BBO,open,2,n,ns,4,E,ST6532H8532DT75C5,SKQ7HJDK843CAJ843,SJ98HAKQ4DQJ962C2,SA4HT976DACKQT976,ST6532H8532DT75C5,SKQ7HJDK843CAJ843,SJ98HAKQ4DQJ962C2,SA4HT976DACKQT976,12,1C PASS 2C! 2H 4D PASS 4H PASS 4NT PASS 5D! PASS 6C PASS PASS PASS,6C
85171.lin,BBO,closed,2,n,ns,4,E,ST6532H8532DT75C5,SKQ7HJDK843CAJ843,SJ98HAKQ4DQJ962C2,SA4HT976DACKQT976,ST6532H8532DT75C5,SKQ7HJDK843CAJ843,SJ98HAKQ4DQJ962C2,SA4HT976DACKQT976,12,1C PASS 2C PASS 6C PASS PASS PASS,6C
85171.lin,BBO,open,3,e,ew,1,S,SQ93HK652D9CAKQJ6,S765HJ987DA74CT94,SK42HAQ43DKQT65C3,SAJT8HTDJ832C8752,SQ93HK652D9CAKQJ6,S765HJ987DA74CT94,SK42HAQ43DKQT65C3,SAJT8HTDJ832C8752,11,1C PASS 1S! PASS 2C PASS 2D! PASS 2H PASS 3H PASS 3NT PASS 4C! PASS 5NT PASS 6H PASS PASS PASS,6H
85171.lin,BBO,closed,3,e,ew,1,S,SQ93HK652D9CAKQJ6,S765HJ987DA74CT94,SK42HAQ43DKQT65C3,SAJT8HTDJ832C8752,SQ93HK652D9CAKQJ6,S765HJ987DA74CT94,SK42HAQ43DKQT65C3,SAJT8HTDJ832C8752,11,1C PASS 1S! PASS 1NT PASS 2H PASS 3H PASS 4C! PASS 4H PASS PASS PASS,4H
85171.lin,BBO,open,4,b,both,2,W,S983HK865D72CK654,SAJT2HJ4DT86CA932,SK5HA32DKQJ5CQJ87,SQ764HQT97DA943CT,S983HK865D72CK654,SAJT2HJ4DT86CA932,SK5HA32DKQJ5CQJ87,SQ764HQT97DA943CT,7,PASS 1NT PASS PASS PASS,1NT
85171.lin,BBO,closed,4,b,both,2,W,S983HK865D72CK654,SAJT2HJ4DT86CA932,SK5HA32DKQJ5CQJ87,SQ764HQT97DA943CT,S983HK865D72CK654,SAJT2HJ4DT86CA932,SK5HA32DKQJ5CQJ87,SQ764HQT97DA943CT,5,PASS 1NT PASS PASS D! PASS 2H PASS PASS PASS,2H
85171.lin,BBO,open,5,n,ns,3,N,S96H9DT972CQJT983,SJ542HKQJT865D8C4,SQH73DAKQJ53CAK62,SAKT873HA42D64C75,S96H9DT972CQJT983,SJ542HKQJT865D8C4,SQH73DAKQJ53CAK62,SAKT873HA42D64C75,13,1D 1S PASS 4S 5D 5S 6D 6S X PASS PASS PASS,6S
85171.lin,BBO,closed,5,n,ns,3,N,S96H9DT972CQJT983,SJ542HKQJT865D8C4,SQH73DAKQJ53CAK62,SAKT873HA42D64C75,S96H9DT972CQJT983,SJ542HKQJT865D8C4,SQH73DAKQJ53CAK62,SAKT873HA42D64C75,12,1D 1S 4D 4H 5D 5H PASS PASS PASS,5H
85171.lin,BBO,open,6,e,ew,4,E,ST865HA4DT865CA86,SJH87652DK9432CK5,SA97HKQJ93DQJCQ94,SKQ432HTDA7CJT732,ST865HA4DT865CA86,SJH87652DK9432CK5,SA97HKQJ93DQJCQ94,SKQ432HTDA7CJT732,9,2S! PASS 3C! 3H PASS 3S! PASS 3NT PASS PASS PASS,3NT
85171.lin,BBO,closed,6,e,ew,4,E,ST865HA4DT865CA86,SJH87652DK9432CK5,SA97HKQJ93DQJCQ94,SKQ432HTDA7CJT732,ST865HA4DT865CA86,SJH87652DK9432CK5,SA97HKQJ93DQJCQ94,SKQ432HTDA7CJT732,,1S PASS 1NT PASS 2S! PASS PASS PASS,1NT
85171.lin,BBO,open,7,b,both,1,S,SJ4HAJ972D94CK732,SKQT3HT4DKT872CA5,SA5H85DQ653CT9864,S98762HKQ63DAJCQJ,SJ4HAJ972D94CK732,SKQT3HT4DKT872CA5,SA5H85DQ653CT9864,S98762HKQ63DAJCQJ,11,PASS 1D PASS 1S PASS 2S PASS 4S PASS PASS PASS,4S
85171.lin,BBO,closed,7,b,both,1,S,SJ4HAJ972D94CK732,SKQT3HT4DKT872CA5,SA5H85DQ653CT9864,S98762HKQ63DAJCQJ,SJ4HAJ972D94CK732,SKQT3HT4DKT872CA5,SA5H85DQ653CT9864,S98762HKQ63DAJCQJ,11,PASS 1D PASS 1S X 2S PASS 4S PASS PASS PASS,4S
85171.lin,BBO,open,8,o,none,2,W,SKT4H6D532CAT7542,S963HAJTDKT9864C8,SA872HK872DCKQJ93,SQJ5HQ9543DAQJ7C6,SKT4H6D532CAT7542,S963HAJTDKT9864C8,SA872HK872DCKQJ93,SQJ5HQ9543DAQJ7C6,12,PASS 1C 1H 3H! X 3S! PASS 4C PASS 6C PASS PASS PASS,6C
85171.lin,BBO,closed,8,o,none,2,W,SKT4H6D532CAT7542,S963HAJTDKT9864C8,SA872HK872DCKQJ93,SQJ5HQ9543DAQJ7C6,SKT4H6D532CAT7542,S963HAJTDKT9864C8,SA872HK872DCKQJ93,SQJ5HQ9543DAQJ7C6,12,PASS 1C X 2C 3D 3H PASS 3S! PASS 4C PASS 5C PASS PASS PASS,5C
85171.lin,BBO,open,9,e,ew,3,N,SQJ4H6DAKJ96CJ972,S9632HAQ9874D82CT,SA75HJ32DQT753CK8,SKT8HKT5D4CAQ6543,SQJ4H6DAKJ96CJ972,S9632HAQ9874D82CT,SA75HJ32DQT753CK8,SKT8HKT5D4CAQ6543,9,PASS 1C 1D X 2C X PASS 2H 3D PASS PASS 3H PASS PASS PASS,3H
85171.lin,BBO,closed,9,e,ew,3,N,SQJ4H6DAKJ96CJ972,S9632HAQ9874D82CT,SA75HJ32DQT753CK8,SKT8HKT5D4CAQ6543,SQJ4H6DAKJ96CJ972,S9632HAQ9874D82CT,SA75HJ32DQT753CK8,SKT8HKT5D4CAQ6543,9,1NT PASS PASS 2D! X 4D! 5D PASS PASS X PASS PASS PASS,5D
85171.lin,BBO,open,10,b,both,4,E,SK94H832DKQT97C53,SQJ8HJ5DJ63CQ9864,S763HAQ4DA42CAKJT,SAT52HKT976D85C72,SK94H832DKQT97C53,SQJ8HJ5DJ63CQ9864,S763HAQ4DA42CAKJT,SAT52HKT976D85C72,,PASS PASS PASS 1C PASS 1S! PASS 2NT PASS 3NT PASS PASS PASS,3NT
85171.lin,BBO,closed,10,b,both,4,E,SK94H832DKQT97C53,SQJ8HJ5DJ63CQ9864,S763HAQ4DA42CAKJT,SAT52HKT976D85C72,SK94H832DKQT97C53,SQJ8HJ5DJ63CQ9864,S763HAQ4DA42CAKJT,SAT52HKT976D85C72,10,PASS PASS PASS 1C PASS 1S! PASS 2NT PASS 3NT PASS PASS PASS,3NT
85171.lin,BBO,open,11,o,none,1,S,SAQ3HKT74DK9CQT63,ST642H86D8632CK42,SK875HA5DT5CAJ985,SJ9HQJ932DAQJ74C7,SAQ3HKT74DK9CQT63,ST642H86D8632CK42,SK875HA5DT5CAJ985,SJ9HQJ932DAQJ74C7,12,1C PASS 1H 2NT PASS 3D 4C PASS PASS PASS,4C
85171.lin,BBO,closed,11,o,none,1,S,SAQ3HKT74DK9CQT63,ST642H86D8632CK42,SK875HA5DT5CAJ985,SJ9HQJ932DAQJ74C7,SAQ3HKT74DK9CQT63,ST642H86D8632CK42,SK875HA5DT5CAJ985,SJ9HQJ932DAQJ74C7,11,1C PASS 1H! X 1S PASS 2D! X 2H PASS 3C PASS 3D! PASS 3H! PASS 3S! PASS PASS PASS,3C
85171.lin,BBO,open,12,n,ns,2,W,SQ5HK975DQJ2CKJ94,SAJTHAT86DAK97CQT,S962HJDT653CA8752,SK8743HQ432D84C63,SQ5HK975DQJ2CKJ94,SAJTHAT86DAK97CQT,S962HJDT653CA8752,SK8743HQ432D84C63,7,1D PASS 1S PASS 2NT PASS 3C PASS 3D PASS 3H PASS 4H PASS PASS PASS,4H
85171.lin,BBO,closed,12,n,ns,2,W,SQ5HK975DQJ2CKJ94,SAJTHAT86DAK97CQT,S962HJDT653CA8752,SK8743HQ432D84C63,SQ5HK975DQJ2CKJ94,SAJTHAT86DAK97CQT,S962HJDT653CA8752,SK8743HQ432D84C63,9,2C PASS 2D! PASS 2H PASS 2S PASS 2NT PASS 3C! PASS 3D! PASS 4D! PASS 4H PASS PASS PASS,4H
85173.lin,BBO,open,1,o,none,3,N,ST5H98753DAJCA952,SKJ76HK42DK62CKJ6,SQ843HAQJTD5CQ743,SA92H6DQT98743CT8,ST5H98753DAJCA952,SKJ76HK42DK62CKJ6,SQ843HAQJTD5CQ743,SA92H6DQT98743CT8,9,1C PASS 1H X 2H 3D X PASS 3H PASS PASS PASS,3H
85173.lin,BBO,closed,1,o,none,3,N,ST5H98753DAJCA952,SKJ76HK42DK62CKJ6,SQ843HAQJTD5CQ743,SA92H6DQT98743CT8,ST5H98753DAJCA952,SKJ76HK42DK62CKJ6,SQ843HAQJTD5CQ743,SA92H6DQT98743CT8,10,1C 3D PASS PASS PASS,3D
85173.lin,BBO,open,2,n,ns,4,E,SK82H6532DK2CK432,SA76543HKQDCJT985,SJT9HJ9DJT8543CQ6,SQHAT874DAQ976CA7,SK82H6532DK2CK432,SA76543HKQDCJT985,SJT9HJ9DJT8543CQ6,SQHAT874DAQ976CA7,11,1H PASS 1S PASS 2D PASS 2S PASS PASS PASS,2S
85173.lin,BBO,closed,2,n,ns,4,E,SK82H6532DK2CK432,SA76543HKQDCJT985,SJT9HJ9DJT8543CQ6,SQHAT874DAQ976CA7,SK82H6532DK2CK432,SA76543HKQDCJT985,SJT9HJ9DJT8543CQ6,SQHAT874DAQ976CA7,11,1H PASS 1S PASS 3D PASS 3S PASS 4C PASS 4S PASS PASS PASS,4S
85173.lin,BBO,open,3,e,ew,1,S,SA952HK842DAK8CQ3,SQ63HAT9763D64CJ8,ST84HQ5DQJ92C9764,SKJ7HJDT753CAKT52,SA952HK842DAK8CQ3,SQ63HAT9763D64CJ8,ST84HQ5DQJ92C9764,SKJ7HJDT753CAKT52,,1NT PASS PASS PASS,1NT
85173.lin,BBO,closed,3,e,ew,1,S,SA952HK842DAK8CQ3,SQ63HAT9763D64CJ8,ST84HQ5DQJ92C9764,SKJ7HJDT753CAKT52,SA952HK842DAK8CQ3,SQ63HAT9763D64CJ8,ST84HQ5DQJ92C9764,SKJ7HJDT753CAKT52,5,1NT PASS PASS PASS,1NT
85173.lin,BBO,open,4,b,both,2,W,S754H87DKQTCK9762,SJT963HQ6DJ854CA4,SA2HAKJ3D92CQJT83,SKQ8HT9542DA763C5,S754H87DKQTCK9762,SJT963HQ6DJ854CA4,SA2HAKJ3D92CQJT83,SKQ8HT9542DA763C5,10,PASS 1NT PASS 2S PASS 3C PASS 3NT PASS PASS PASS,3NT
85173.lin,BBO,closed,4,b,both,2,W,S754H87DKQTCK9762,SJT963HQ6DJ854CA4,SA2HAKJ3D92CQJT83,SKQ8HT9542DA763C5,S754H87DKQTCK9762,SJT963HQ6DJ854CA4,SA2HAKJ3D92CQJT83,SKQ8HT9542DA763C5,10,PASS 1C 1H 2C X XX 2D 3C PASS PASS X PASS 3D 4C PASS PASS PASS,4C
85173.lin,BBO,open,5,n,ns,3,N,SQT8763HQDQ643CQ2,S95HJT974DKJ5CKT3,SJ42HA852DCAJ8764,SAKHK63DAT9872C95,SQT8763HQDQ643CQ2,S95HJT974DKJ5CKT3,SJ42HA852DCAJ8764,SAKHK63DAT9872C95,8,1C 1D 1S X R! 2S 3S 4H PASS PASS PASS,4H
85173.lin,BBO,closed,5,n,ns,3,N,SQT8763HQDQ643CQ2,S95HJT974DKJ5CKT3,SJ42HA852DCAJ8764,SAKHK63DAT9872C95,SQT8763HQDQ643CQ2,S95HJT974DKJ5CKT3,SJ42HA852DCAJ8764,SAKHK63DAT9872C95,7,1C 1D 1S X XX 2S 3S PASS PASS 3NT PASS PASS PASS,3NT
85173.lin,BBO,open,6,e,ew,4,E,S72HT9654DJ865CA2,SAQ94HDT743CKT975,SK653HKQ73DA9CJ64,SJT8HAJ82DKQ2CQ83,S72HT9654DJ865CA2,SAQ94HDT743CKT975,SK653HKQ73DA9CJ64,SJT8HAJ82DKQ2CQ83,,1C PASS 1S PASS 1NT PASS PASS PASS,1NT
85173.lin,BBO,closed,6,e,ew,4,E,S72HT9654DJ865CA2,SAQ94HDT743CKT975,SK653HKQ73DA9CJ64,SJT8HAJ82DKQ2CQ83,S72HT9654DJ865CA2,SAQ94HDT743CKT975,SK653HKQ73DA9CJ64,SJT8HAJ82DKQ2CQ83,7,1C PASS 1H PASS 1S PASS 2C PASS 2D PASS 3C PASS 3NT PASS PASS PASS,3NT
85173.lin,BBO,open,7,b,both,1,S,SAKT976HK74DK9C96,SJ5H9652DAQT73CK2,S3HAJ8DJ8CQT87543,SQ842HQT3D6542CAJ,SAKT976HK74DK9C96,SJ5H9652DAQT73CK2,S3HAJ8DJ8CQT87543,SQ842HQT3D6542CAJ,7,1S PASS 1NT PASS 2S PASS PASS PASS,2S
85173.lin,BBO,closed,7,b,both,1,S,SAKT976HK74DK9C96,SJ5H9652DAQT73CK2,S3HAJ8DJ8CQT87543,SQ842HQT3D6542CAJ,SAKT976HK74DK9C96,SJ5H9652DAQT73CK2,S3HAJ8DJ8CQT87543,SQ842HQT3D6542CAJ,9,1S PASS 1NT PASS 2S PASS 3C PASS PASS PASS,3C
85173.lin,BBO,open,8,o,none,2,W,SQJ6HKT92DA3C8543,SAKT5HAJ75DJ6C972,S93H43DKQT954CKT6,S8742HQ86D872CAQJ,SQJ6HKT92DA3C8543,SAKT5HAJ75DJ6C972,S93H43DKQT954CKT6,S8742HQ86D872CAQJ,6,1C 3D! PASS PASS PASS,1C
85173.lin,BBO,closed,8,o,none,2,W,SQJ6HKT92DA3C8543,SAKT5HAJ75DJ6C972,S93H43DKQT954CKT6,S8742HQ86D872CAQJ,SQJ6HKT92DA3C8543,SAKT5HAJ75DJ6C972,S93H43DKQT954CKT6,S8742HQ86D872CAQJ,9,1C 1D 1H! X 2S PASS PASS PASS,2S
85173.lin,BBO,open,9,e,ew,3,N,SAK6HA86DQT9876C2,ST942HKQ72D3CJ865,S853HT54DAK54C974,SQJ7HJ93DJ2CAKQT3,SAK6HA86DQT9876C2,ST942HKQ72D3CJ865,S853HT54DAK54C974,SQJ7HJ93DJ2CAKQT3,7,PASS 1NT PASS 2C PASS 2D PASS 2H PASS PASS PASS,2H
85173.lin,BBO,closed,9,e,ew,3,N,SAK6HA86DQT9876C2,ST942HKQ72D3CJ865,S853HT54DAK54C974,SQJ7HJ93DJ2CAKQT3,SAK6HA86DQT9876C2,ST942HKQ72D3CJ865,S853HT54DAK54C974,SQJ7HJ93DJ2CAKQT3,9,PASS 1NT PASS 2C PASS 2D X 2H 3D PASS PASS PASS,3D
85173.lin,BBO,open,10,b,both,4,E,SAK6HAKQ7DJ762CA6,SQT98432H95D93CK5,S5HJT8DQT854CJ983,SJ7H6432DAKCQT742,SAK6HAKQ7DJ762CA6,SQT98432H95D93CK5,S5HJT8DQT854CJ983,SJ7H6432DAKCQT742,9,PASS 2NT PASS 3C PASS 3H PASS PASS PASS,3H
85173.lin,BBO,closed,10,b,both,4,E,SAK6HAKQ7DJ762CA6,SQT98432H95D93CK5,S5HJT8DQT854CJ983,SJ7H6432DAKCQT742,SAK6HAKQ7DJ762CA6,SQT98432H95D93CK5,S5HJT8DQT854CJ983,SJ7H6432DAKCQT742,10,PASS 2C! 2S X XX 3H PASS PASS PASS,3H
